date,price,likes,dislikes,followers
2019-01-01,1000.47,9001,401,15002
2019-01-02,999.94,9002,402,15004
2019-01-03,999.41,9003,403,15006
2019-01-04,998.88,9004,404,15008
2019-01-05,998.35,9005,405,15010
2019-01-06,997.82,9006,406,15012
2019-01-07,997.29,9007,407,15014
2019-01-08,996.76,9008,408,15016
2019-01-09,996.23,9009,409,15018
2019-01-10,995.7,9010,410,15020
2019-01-11,995.17,9011,411,15022
2019-01-12,994.64,9012,412,15024
2019-01-13,994.11,9013,413,15026
2019-01-14,993.58,9014,414,15028
2019-01-15,993.05,9015,415,15030
2019-01-16,992.52,9016,416,15032
2019-01-17,991.99,9017,417,15034
2019-01-18,991.46,9018,418,15036
2019-01-19,990.93,9019,419,15038
2019-01-20,990.4,9020,420,15040
2019-01-21,989.87,9021,421,15042
2019-01-22,989.34,9022,422,15044
2019-01-23,988.81,9023,423,15046
2019-01-24,988.28,9024,424,15048
2019-01-25,987.75,9025,425,15050
2019-01-26,987.22,9026,426,15052
2019-01-27,986.69,9027,427,15054
2019-01-28,986.16,9028,428,15056
2019-01-29,985.63,9029,429,15058
2019-01-30,985.1,9030,430,15060
2019-01-31,984.57,9031,431,15062
2019-02-01,984.04,9032,432,15064
2019-02-02,983.51,9033,433,15066
2019-02-03,982.98,9034,434,15068
2019-02-04,982.45,9035,435,15070
2019-02-05,981.92,9036,436,15072
2019-02-06,981.39,9037,437,15074
2019-02-07,980.86,9038,438,15076
2019-02-08,980.33,9039,439,15078
2019-02-09,979.8,9040,440,15080
2019-02-10,979.27,9041,441,15082
2019-02-11,978.74,9042,442,15084
2019-02-12,978.21,9043,443,15086
2019-02-13,977.68,9044,444,15088
2019-02-14,977.15,9045,445,15090
2019-02-15,976.62,9046,446,15092
2019-02-16,976.09,9047,447,15094
2019-02-17,975.56,9048,448,15096
2019-02-18,975.03,9049,449,15098
2019-02-19,974.5,9050,450,15100
2019-02-20,973.97,9051,451,15102
2019-02-21,973.44,9052,452,15104
2019-02-22,972.91,9053,453,15106
2019-02-23,972.38,9054,454,15108
2019-02-24,971.85,9055,455,15110
2019-02-25,971.32,9056,456,15112
2019-02-26,970.79,9057,457,15114
2019-02-27,970.26,9058,458,15116
2019-02-28,969.73,9059,459,15118
2019-03-01,969.2,9060,460,15120
2019-03-02,968.67,9061,461,15122
2019-03-03,968.14,9062,462,15124
2019-03-04,967.61,9063,463,15126
2019-03-05,967.08,9064,464,15128
2019-03-06,966.55,9065,465,15130
2019-03-07,966.02,9066,466,15132
2019-03-08,965.49,9067,467,15134
2019-03-09,964.96,9068,468,15136
2019-03-10,964.43,9069,469,15138
2019-03-11,963.9,9070,470,15140
2019-03-12,963.37,9071,471,15142
2019-03-13,962.84,9072,472,15144
2019-03-14,962.31,9073,473,15146
2019-03-15,961.78,9074,474,15148
2019-03-16,961.25,9075,475,15150
2019-03-17,960.72,9076,476,15152
2019-03-18,960.19,9077,477,15154
2019-03-19,959.66,9078,478,15156
2019-03-20,959.13,9079,479,15158
2019-03-21,958.6,9080,480,15160
2019-03-22,958.07,9081,481,15162
2019-03-23,957.54,9082,482,15164
2019-03-24,957.01,9083,483,15166
2019-03-25,956.48,9084,484,15168
2019-03-26,955.95,9085,485,15170
2019-03-27,955.42,9086,486,15172
2019-03-28,954.89,9087,487,15174
2019-03-29,954.36,9088,488,15176
2019-03-30,953.83,9089,489,15178
2019-03-31,953.3,9090,490,15180
2019-04-01,952.77,9091,491,15182
2019-04-02,952.24,9092,492,15184
2019-04-03,951.71,9093,493,15186
2019-04-04,951.18,9094,494,15188
2019-04-05,950.65,9095,495,15190
2019-04-06,950.12,9096,496,15192
2019-04-07,949.59,9097,497,15194
2019-04-08,949.06,9098,498,15196
2019-04-09,948.53,9099,499,15198
2019-04-10,948.0,9100,500,15200
2019-04-11,947.47,9101,501,15202
2019-04-12,946.94,9102,502,15204
2019-04-13,946.41,9103,503,15206
2019-04-14,945.88,9104,504,15208
2019-04-15,945.35,9105,505,15210
2019-04-16,944.82,9106,506,15212
2019-04-17,944.29,9107,507,15214
2019-04-18,943.76,9108,508,15216
2019-04-19,943.23,9109,509,15218
2019-04-20,942.7,9110,510,15220
2019-04-21,942.17,9111,511,15222
2019-04-22,941.64,9112,512,15224
2019-04-23,941.11,9113,513,15226
2019-04-24,940.58,9114,514,15228
2019-04-25,940.05,9115,515,15230
2019-04-26,939.52,9116,516,15232
2019-04-27,938.99,9117,517,15234
2019-04-28,938.46,9118,518,15236
2019-04-29,937.93,9119,519,15238
2019-04-30,937.4,9120,520,15240
2019-05-01,936.87,9121,521,15242
2019-05-02,936.34,9122,522,15244
2019-05-03,935.81,9123,523,15246
2019-05-04,935.28,9124,524,15248
2019-05-05,934.75,9125,525,15250
2019-05-06,934.22,9126,526,15252
2019-05-07,933.69,9127,527,15254
2019-05-08,933.16,9128,528,15256
2019-05-09,932.63,9129,529,15258
2019-05-10,932.1,9130,530,15260
2019-05-11,931.57,9131,531,15262
2019-05-12,931.04,9132,532,15264
2019-05-13,930.51,9133,533,15266
2019-05-14,929.98,9134,534,15268
2019-05-15,929.45,9135,535,15270
2019-05-16,928.92,9136,536,15272
2019-05-17,928.39,9137,537,15274
2019-05-18,927.86,9138,538,15276
2019-05-19,927.33,9139,539,15278
2019-05-20,926.8,9140,540,15280
2019-05-21,926.27,9141,541,15282
2019-05-22,925.74,9142,542,15284
2019-05-23,925.21,9143,543,15286
2019-05-24,924.68,9144,544,15288
2019-05-25,924.15,9145,545,15290
2019-05-26,923.62,9146,546,15292
2019-05-27,923.09,9147,547,15294
2019-05-28,922.56,9148,548,15296
2019-05-29,922.03,9149,549,15298
2019-05-30,921.5,9150,550,15300
2019-05-31,920.97,9151,551,15302
2019-06-01,920.44,9152,552,15304
2019-06-02,919.91,9153,553,15306
2019-06-03,919.38,9154,554,15308
2019-06-04,918.85,9155,555,15310
2019-06-05,918.32,9156,556,15312
2019-06-06,917.79,9157,557,15314
2019-06-07,917.26,9158,558,15316
2019-06-08,916.73,9159,559,15318
2019-06-09,916.2,9160,560,15320
2019-06-10,915.67,9161,561,15322
2019-06-11,915.14,9162,562,15324
2019-06-12,914.61,9163,563,15326
2019-06-13,914.08,9164,564,15328
2019-06-14,913.55,9165,565,15330
2019-06-15,913.02,9166,566,15332
2019-06-16,912.49,9167,567,15334
2019-06-17,911.96,9168,568,15336
2019-06-18,911.43,9169,569,15338
2019-06-19,910.9,9170,570,15340
2019-06-20,910.37,9171,571,15342
2019-06-21,909.84,9172,572,15344
2019-06-22,909.31,9173,573,15346
2019-06-23,908.78,9174,574,15348
2019-06-24,908.25,9175,575,15350
2019-06-25,907.72,9176,576,15352
2019-06-26,907.19,9177,577,15354
2019-06-27,906.66,9178,578,15356
2019-06-28,906.13,9179,579,15358
2019-06-29,905.6,9180,580,15360
2019-06-30,905.07,9181,581,15362
2019-07-01,904.54,9182,582,15364
2019-07-02,904.01,9183,583,15366
2019-07-03,903.48,9184,584,15368
2019-07-04,902.95,9185,585,15370
2019-07-05,902.42,9186,586,15372
2019-07-06,901.89,9187,587,15374
2019-07-07,901.36,9188,588,15376
2019-07-08,900.83,9189,589,15378
2019-07-09,900.3,9190,590,15380
2019-07-10,899.77,9191,591,15382
2019-07-11,899.24,9192,592,15384
2019-07-12,898.71,9193,593,15386
2019-07-13,898.18,9194,594,15388
2019-07-14,897.65,9195,595,15390
2019-07-15,897.12,9196,596,15392
2019-07-16,896.59,9197,597,15394
2019-07-17,896.06,9198,598,15396
2019-07-18,895.53,9199,599,15398
2019-07-19,895.0,9200,600,15400
2019-07-20,894.47,9201,601,15402
2019-07-21,893.94,9202,602,15404
2019-07-22,893.41,9203,603,15406
2019-07-23,892.88,9204,604,15408
2019-07-24,892.35,9205,605,15410
2019-07-25,891.82,9206,606,15412
2019-07-26,891.29,9207,607,15414
2019-07-27,890.76,9208,608,15416
2019-07-28,890.23,9209,609,15418
2019-07-29,889.7,9210,610,15420
2019-07-30,889.17,9211,611,15422
2019-07-31,888.64,9212,612,15424
2019-08-01,888.11,9213,613,15426
2019-08-02,887.58,9214,614,15428
2019-08-03,887.05,9215,615,15430
2019-08-04,886.52,9216,616,15432
2019-08-05,885.99,9217,617,15434
2019-08-06,885.46,9218,618,15436
2019-08-07,884.93,9219,619,15438
2019-08-08,884.4,9220,620,15440
2019-08-09,883.87,9221,621,15442
2019-08-10,883.34,9222,622,15444
2019-08-11,882.81,9223,623,15446
2019-08-12,882.28,9224,624,15448
2019-08-13,881.75,9225,625,15450
2019-08-14,881.22,9226,626,15452
2019-08-15,880.69,9227,627,15454
2019-08-16,880.16,9228,628,15456
2019-08-17,879.63,9229,629,15458
2019-08-18,879.1,9230,630,15460
2019-08-19,878.57,9231,631,15462
2019-08-20,878.04,9232,632,15464
2019-08-21,877.51,9233,633,15466
2019-08-22,876.98,9234,634,15468
2019-08-23,876.45,9235,635,15470
2019-08-24,875.92,9236,636,15472
2019-08-25,875.39,9237,637,15474
2019-08-26,874.86,9238,638,15476
2019-08-27,874.33,9239,639,15478
2019-08-28,873.8,9240,640,15480
2019-08-29,873.27,9241,641,15482
2019-08-30,872.74,9242,642,15484
2019-08-31,872.21,9243,643,15486
2019-09-01,871.68,9244,644,15488
2019-09-02,871.15,9245,645,15490
2019-09-03,870.62,9246,646,15492
2019-09-04,870.09,9247,647,15494
2019-09-05,869.56,9248,648,15496
2019-09-06,869.03,9249,649,15498
2019-09-07,868.5,9250,650,15500
2019-09-08,867.97,9251,651,15502
2019-09-09,867.44,9252,652,15504
2019-09-10,866.91,9253,653,15506
2019-09-11,866.38,9254,654,15508
2019-09-12,865.85,9255,655,15510
2019-09-13,865.32,9256,656,15512
2019-09-14,864.79,9257,657,15514
2019-09-15,864.26,9258,658,15516
2019-09-16,863.73,9259,659,15518
2019-09-17,863.2,9260,660,15520
2019-09-18,862.67,9261,661,15522
2019-09-19,862.14,9262,662,15524
2019-09-20,861.61,9263,663,15526
2019-09-21,861.08,9264,664,15528
2019-09-22,860.55,9265,665,15530
2019-09-23,860.02,9266,666,15532
2019-09-24,859.49,9267,667,15534
2019-09-25,858.96,9268,668,15536
2019-09-26,858.43,9269,669,15538
2019-09-27,857.9,9270,670,15540
2019-09-28,857.37,9271,671,15542
2019-09-29,856.84,9272,672,15544
2019-09-30,856.31,9273,673,15546
2019-10-01,860.59,9277,674,15549
2019-10-02,864.89,9281,675,15552
2019-10-03,869.21,9285,676,15555
2019-10-04,873.56,9289,677,15558
2019-10-05,877.93,9293,678,15561
2019-10-06,882.32,9297,679,15564
2019-10-07,886.73,9301,680,15567
2019-10-08,891.16,9305,681,15570
2019-10-09,895.62,9309,682,15573
2019-10-10,900.1,9313,683,15576
2019-10-11,904.6,9317,684,15579
2019-10-12,909.12,9321,685,15582
2019-10-13,913.67,9325,686,15585
2019-10-14,918.24,9329,687,15588
2019-10-15,922.83,9333,688,15591
2019-10-16,927.44,9337,689,15594
2019-10-17,932.08,9341,690,15597
2019-10-18,936.74,9345,691,15600
2019-10-19,941.42,9349,692,15603
2019-10-20,946.13,9353,693,15606
2019-10-21,950.86,9357,694,15609
2019-10-22,955.61,9361,695,15612
2019-10-23,960.39,9365,696,15615
2019-10-24,965.19,9369,697,15618
2019-10-25,970.02,9373,698,15621
2019-10-26,974.87,9377,699,15624
2019-10-27,979.74,9381,700,15627
2019-10-28,984.64,9385,701,15630
2019-10-29,989.56,9389,702,15633
2019-10-30,994.51,9393,703,15636
2019-10-31,999.48,9397,704,15639
2019-11-01,1004.48,9401,705,15642
2019-11-02,1009.5,9405,706,15645
2019-11-03,1014.55,9409,707,15648
2019-11-04,1019.62,9413,708,15651
2019-11-05,1024.72,9417,709,15654
2019-11-06,1029.84,9421,710,15657
2019-11-07,1034.99,9425,711,15660
2019-11-08,1040.16,9429,712,15663
2019-11-09,1045.36,9433,713,15666
2019-11-10,1050.59,9437,714,15669
2019-11-11,1055.84,9441,715,15672
2019-11-12,1061.12,9445,716,15675
2019-11-13,1066.43,9449,717,15678
2019-11-14,1071.76,9453,718,15681
2019-11-15,1077.12,9457,719,15684
2019-11-16,1082.51,9461,720,15687
2019-11-17,1087.92,9465,721,15690
2019-11-18,1093.36,9469,722,15693
2019-11-19,1098.83,9473,723,15696
2019-11-20,1104.32,9477,724,15699
2019-11-21,1109.84,9481,725,15702
2019-11-22,1115.39,9485,726,15705
2019-11-23,1120.97,9489,727,15708
2019-11-24,1126.57,9493,728,15711
2019-11-25,1132.2,9497,729,15714
2019-11-26,1137.86,9501,730,15717
2019-11-27,1143.55,9505,731,15720
2019-11-28,1149.27,9509,732,15723
2019-11-29,1155.02,9513,733,15726
2019-11-30,1160.8,9517,734,15729
2019-12-01,1166.6,9521,735,15732
2019-12-02,1172.43,9525,736,15735
2019-12-03,1178.29,9529,737,15738
2019-12-04,1184.18,9533,738,15741
2019-12-05,1190.1,9537,739,15744
2019-12-06,1196.05,9541,740,15747
2019-12-07,1202.03,9545,741,15750
2019-12-08,1208.04,9549,742,15753
2019-12-09,1214.08,9553,743,15756
2019-12-10,1220.15,9557,744,15759
2019-12-11,1226.25,9561,745,15762
2019-12-12,1232.38,9565,746,15765
2019-12-13,1238.54,9569,747,15768
2019-12-14,1244.73,9573,748,15771
2019-12-15,1250.95,9577,749,15774
2019-12-16,1257.2,9581,750,15777
2019-12-17,1263.49,9585,751,15780
2019-12-18,1269.81,9589,752,15783
2019-12-19,1276.16,9593,753,15786
2019-12-20,1282.54,9597,754,15789
2019-12-21,1288.95,9601,755,15792
2019-12-22,1295.39,9605,756,15795
2019-12-23,1301.87,9609,757,15798
2019-12-24,1308.38,9613,758,15801
2019-12-25,1314.92,9617,759,15804
2019-12-26,1321.49,9621,760,15807
2019-12-27,1328.1,9625,761,15810
2019-12-28,1334.74,9629,762,15813
2019-12-29,1341.41,9633,763,15816
2019-12-30,1348.12,9637,764,15819
2019-12-31,1354.86,9641,765,15822
2020-01-01,1364.34,9642,766,15824
2020-01-02,1373.89,9643,767,15826
2020-01-03,1383.51,9644,768,15828
2020-01-04,1393.19,9645,769,15830
2020-01-05,1402.94,9646,770,15832
2020-01-06,1412.76,9647,771,15834
2020-01-07,1422.65,9648,772,15836
2020-01-08,1432.61,9649,773,15838
2020-01-09,1442.64,9650,774,15840
2020-01-10,1452.74,9651,775,15842
2020-01-11,1462.91,9652,776,15844
2020-01-12,1473.15,9653,777,15846
2020-01-13,1483.46,9654,778,15848
2020-01-14,1493.84,9655,779,15850
2020-01-15,1504.3,9656,780,15852
2020-01-16,1514.83,9657,781,15854
2020-01-17,1525.43,9658,782,15856
2020-01-18,1536.11,9659,783,15858
2020-01-19,1546.86,9660,784,15860
2020-01-20,1557.69,9661,785,15862
2020-01-21,1568.59,9662,786,15864
2020-01-22,1579.57,9663,787,15866
2020-01-23,1590.63,9664,788,15868
2020-01-24,1601.76,9665,789,15870
2020-01-25,1612.97,9666,790,15872
2020-01-26,1624.26,9667,791,15874
2020-01-27,1635.63,9668,792,15876
2020-01-28,1647.08,9669,793,15878
2020-01-29,1658.61,9670,794,15880
2020-01-30,1670.22,9671,795,15882
2020-01-31,1681.91,9672,796,15884
2020-02-01,1693.68,9673,797,15886
2020-02-02,1705.54,9674,798,15888
2020-02-03,1717.48,9675,799,15890
2020-02-04,1729.5,9676,800,15892
2020-02-05,1741.61,9677,801,15894
2020-02-06,1753.8,9678,802,15896
2020-02-07,1766.08,9679,803,15898
2020-02-08,1778.44,9680,804,15900
2020-02-09,1790.89,9681,805,15902
2020-02-10,1803.43,9682,806,15904
2020-02-11,1816.05,9683,807,15906
2020-02-12,1828.76,9684,808,15908
2020-02-13,1841.56,9685,809,15910
2020-02-14,1854.45,9686,810,15912
2020-02-15,1867.43,9687,811,15914
2020-02-16,1880.5,9688,812,15916
2020-02-17,1893.66,9689,813,15918
2020-02-18,1906.92,9690,814,15920
2020-02-19,1920.27,9691,815,15922
2020-02-20,1933.71,9692,816,15924
2020-02-21,1947.25,9693,817,15926
2020-02-22,1960.88,9694,818,15928
2020-02-23,1974.61,9695,819,15930
2020-02-24,1988.43,9696,820,15932
2020-02-25,2002.35,9697,821,15934
2020-02-26,2016.37,9698,822,15936
2020-02-27,2030.48,9699,823,15938
2020-02-28,2044.69,9700,824,15940
2020-02-29,2059.0,9701,825,15942
2020-03-01,2073.41,9702,826,15944
2020-03-02,2087.92,9703,827,15946
2020-03-03,2102.54,9704,828,15948
2020-03-04,2117.26,9705,829,15950
2020-03-05,2132.08,9706,830,15952
2020-03-06,2147.0,9707,831,15954
2020-03-07,2162.03,9708,832,15956
2020-03-08,2177.16,9709,833,15958
2020-03-09,2192.4,9710,834,15960
2020-03-10,2207.75,9711,835,15962
2020-03-11,2223.2,9712,836,15964
2020-03-12,2238.76,9713,837,15966
2020-03-13,2254.43,9714,838,15968
2020-03-14,2270.21,9715,839,15970
2020-03-15,2286.1,9716,840,15972
2020-03-16,2302.1,9717,841,15974
2020-03-17,2318.21,9718,842,15976
2020-03-18,2334.44,9719,843,15978
2020-03-19,2350.78,9720,844,15980
2020-03-20,2367.24,9721,845,15982
2020-03-21,2383.81,9722,846,15984
2020-03-22,2400.5,9723,847,15986
2020-03-23,2417.3,9724,848,15988
2020-03-24,2434.22,9725,849,15990
2020-03-25,2451.26,9726,850,15992
2020-03-26,2468.42,9727,851,15994
2020-03-27,2485.7,9728,852,15996
2020-03-28,2503.1,9729,853,15998
2020-03-29,2520.62,9730,854,16000
2020-03-30,2538.26,9731,855,16002
2020-03-31,2556.03,9732,856,16004
2020-04-01,2573.92,9733,857,16006
2020-04-02,2591.94,9734,858,16008
2020-04-03,2610.08,9735,859,16010
2020-04-04,2628.35,9736,860,16012
2020-04-05,2646.75,9737,861,16014
2020-04-06,2665.28,9738,862,16016
2020-04-07,2683.94,9739,863,16018
2020-04-08,2702.73,9740,864,16020
2020-04-09,2721.65,9741,865,16022
2020-04-10,2740.7,9742,866,16024
2020-04-11,2759.88,9743,867,16026
2020-04-12,2779.2,9744,868,16028
2020-04-13,2798.65,9745,869,16030
2020-04-14,2818.24,9746,870,16032
2020-04-15,2837.97,9747,871,16034
2020-04-16,2857.84,9748,872,16036
2020-04-17,2877.84,9749,873,16038
2020-04-18,2897.98,9750,874,16040
2020-04-19,2918.27,9751,875,16042
2020-04-20,2938.7,9752,876,16044
2020-04-21,2959.27,9753,877,16046
2020-04-22,2979.98,9754,878,16048
2020-04-23,3000.84,9755,879,16050
2020-04-24,3021.85,9756,880,16052
2020-04-25,3043.0,9757,881,16054
2020-04-26,3064.3,9758,882,16056
2020-04-27,3085.75,9759,883,16058
2020-04-28,3107.35,9760,884,16060
2020-04-29,3129.1,9761,885,16062
2020-04-30,3151.0,9762,886,16064
2020-05-01,3173.06,9763,887,16066
2020-05-02,3195.27,9764,888,16068
2020-05-03,3217.64,9765,889,16070
2020-05-04,3240.16,9766,890,16072
2020-05-05,3262.84,9767,891,16074
2020-05-06,3285.68,9768,892,16076
2020-05-07,3308.68,9769,893,16078
2020-05-08,3331.84,9770,894,16080
2020-05-09,3355.16,9771,895,16082
2020-05-10,3378.65,9772,896,16084
2020-05-11,3402.3,9773,897,16086
2020-05-12,3426.12,9774,898,16088
2020-05-13,3450.1,9775,899,16090
2020-05-14,3474.25,9776,900,16092
2020-05-15,3498.57,9777,901,16094
2020-05-16,3523.06,9778,902,16096
2020-05-17,3547.72,9779,903,16098
2020-05-18,3572.55,9780,904,16100
2020-05-19,3597.56,9781,905,16102
2020-05-20,3622.74,9782,906,16104
2020-05-21,3648.1,9783,907,16106
2020-05-22,3673.64,9784,908,16108
2020-05-23,3699.36,9785,909,16110
2020-05-24,3725.26,9786,910,16112
2020-05-25,3751.34,9787,911,16114
2020-05-26,3777.6,9788,912,16116
2020-05-27,3804.04,9789,913,16118
2020-05-28,3830.67,9790,914,16120
2020-05-29,3857.48,9791,915,16122
2020-05-30,3884.48,9792,916,16124
2020-05-31,3911.67,9793,917,16126
2020-06-01,3939.05,9794,918,16128
2020-06-02,3966.62,9795,919,16130
2020-06-03,3994.39,9796,920,16132
2020-06-04,4022.35,9797,921,16134
2020-06-05,4050.51,9798,922,16136
2020-06-06,4078.86,9799,923,16138
2020-06-07,4107.41,9800,924,16140
2020-06-08,4136.16,9801,925,16142
2020-06-09,4165.11,9802,926,16144
2020-06-10,4194.27,9803,927,16146
2020-06-11,4223.63,9804,928,16148
2020-06-12,4253.2,9805,929,16150
2020-06-13,4282.97,9806,930,16152
2020-06-14,4312.95,9807,931,16154
2020-06-15,4343.14,9808,932,16156
2020-06-16,4373.54,9809,933,16158
2020-06-17,4404.15,9810,934,16160
2020-06-18,4434.98,9811,935,16162
2020-06-19,4466.02,9812,936,16164
2020-06-20,4497.28,9813,937,16166
2020-06-21,4528.76,9814,938,16168
2020-06-22,4560.46,9815,939,16170
2020-06-23,4592.38,9816,940,16172
2020-06-24,4624.53,9817,941,16174
2020-06-25,4656.9,9818,942,16176
2020-06-26,4689.5,9819,943,16178
2020-06-27,4722.33,9820,944,16180
2020-06-28,4755.39,9821,945,16182
2020-06-29,4788.68,9822,946,16184
2020-06-30,4822.2,9823,947,16186
2020-07-01,4855.96,9824,948,16188
2020-07-02,4889.95,9825,949,16190
2020-07-03,4924.18,9826,950,16192
2020-07-04,4958.65,9827,951,16194
2020-07-05,4993.36,9828,952,16196
2020-07-06,5028.31,9829,953,16198
2020-07-07,5063.51,9830,954,16200
2020-07-08,5098.95,9831,955,16202
2020-07-09,5134.64,9832,956,16204
2020-07-10,5170.58,9833,957,16206
2020-07-11,5206.77,9834,958,16208
2020-07-12,5243.22,9835,959,16210
2020-07-13,5279.92,9836,960,16212
2020-07-14,5316.88,9837,961,16214
2020-07-15,5354.1,9838,962,16216
2020-07-16,5391.58,9839,963,16218
2020-07-17,5429.32,9840,964,16220
2020-07-18,5467.33,9841,965,16222
2020-07-19,5505.6,9842,966,16224
2020-07-20,5544.14,9843,967,16226
2020-07-21,5582.95,9844,968,16228
2020-07-22,5622.03,9845,969,16230
2020-07-23,5661.38,9846,970,16232
2020-07-24,5701.01,9847,971,16234
2020-07-25,5740.92,9848,972,16236
2020-07-26,5781.11,9849,973,16238
2020-07-27,5821.58,9850,974,16240
2020-07-28,5862.33,9851,975,16242
2020-07-29,5903.37,9852,976,16244
2020-07-30,5944.69,9853,977,16246
2020-07-31,5986.3,9854,978,16248
2020-08-01,6028.2,9855,979,16250
2020-08-02,6070.4,9856,980,16252
2020-08-03,6112.89,9857,981,16254
2020-08-04,6155.68,9858,982,16256
2020-08-05,6198.77,9859,983,16258
2020-08-06,6242.16,9860,984,16260
2020-08-07,6285.86,9861,985,16262
2020-08-08,6329.86,9862,986,16264
2020-08-09,6374.17,9863,987,16266
2020-08-10,6418.79,9864,988,16268
2020-08-11,6463.72,9865,989,16270
2020-08-12,6508.97,9866,990,16272
2020-08-13,6554.53,9867,991,16274
2020-08-14,6600.41,9868,992,16276
2020-08-15,6646.61,9869,993,16278
2020-08-16,6693.14,9870,994,16280
2020-08-17,6739.99,9871,995,16282
2020-08-18,6787.17,9872,996,16284
2020-08-19,6834.68,9873,997,16286
2020-08-20,6882.52,9874,998,16288
2020-08-21,6930.7,9875,999,16290
2020-08-22,6979.21,9876,1000,16292
2020-08-23,7028.06,9877,1001,16294
2020-08-24,7077.26,9878,1002,16296
2020-08-25,7126.8,9879,1003,16298
2020-08-26,7176.69,9880,1004,16300
2020-08-27,7226.93,9881,1005,16302
2020-08-28,7277.52,9882,1006,16304
2020-08-29,7328.46,9883,1007,16306
2020-08-30,7379.76,9884,1008,16308
2020-08-31,7431.42,9885,1009,16310
2020-09-01,7483.44,9886,1010,16312
2020-09-02,7535.82,9887,1011,16314
2020-09-03,7588.57,9888,1012,16316
2020-09-04,7641.69,9889,1013,16318
2020-09-05,7695.18,9890,1014,16320
2020-09-06,7749.05,9891,1015,16322
2020-09-07,7803.29,9892,1016,16324
2020-09-08,7857.91,9893,1017,16326
2020-09-09,7912.92,9894,1018,16328
2020-09-10,7968.31,9895,1019,16330
2020-09-11,8024.09,9896,1020,16332
2020-09-12,8080.26,9897,1021,16334
2020-09-13,8136.82,9898,1022,16336
2020-09-14,8193.78,9899,1023,16338
2020-09-15,8251.14,9900,1024,16340
2020-09-16,8308.9,9901,1025,16342
2020-09-17,8367.06,9902,1026,16344
2020-09-18,8425.63,9903,1027,16346
2020-09-19,8484.61,9904,1028,16348
2020-09-20,8544.0,9905,1029,16350
2020-09-21,8603.81,9906,1030,16352
2020-09-22,8664.04,9907,1031,16354
2020-09-23,8724.69,9908,1032,16356
2020-09-24,8785.76,9909,1033,16358
2020-09-25,8847.26,9910,1034,16360
2020-09-26,8909.19,9911,1035,16362
2020-09-27,8971.55,9912,1036,16364
2020-09-28,9034.35,9913,1037,16366
2020-09-29,9097.59,9914,1038,16368
2020-09-30,9161.27,9915,1039,16370
2020-10-01,9207.08,9919,1040,16373
2020-10-02,9253.12,9923,1041,16376
2020-10-03,9299.39,9927,1042,16379
2020-10-04,9345.89,9931,1043,16382
2020-10-05,9392.62,9935,1044,16385
2020-10-06,9439.58,9939,1045,16388
2020-10-07,9486.78,9943,1046,16391
2020-10-08,9534.21,9947,1047,16394
2020-10-09,9581.88,9951,1048,16397
2020-10-10,9629.79,9955,1049,16400
2020-10-11,9677.94,9959,1050,16403
2020-10-12,9726.33,9963,1051,16406
2020-10-13,9774.96,9967,1052,16409
2020-10-14,9823.83,9971,1053,16412
2020-10-15,9872.95,9975,1054,16415
2020-10-16,9922.31,9979,1055,16418
2020-10-17,9971.92,9983,1056,16421
2020-10-18,10021.78,9987,1057,16424
2020-10-19,10071.89,9991,1058,16427
2020-10-20,10122.25,9995,1059,16430
2020-10-21,10172.86,9999,1060,16433
2020-10-22,10223.72,10003,1061,16436
2020-10-23,10274.84,10007,1062,16439
2020-10-24,10326.21,10011,1063,16442
2020-10-25,10377.84,10015,1064,16445
2020-10-26,10429.73,10019,1065,16448
2020-10-27,10481.88,10023,1066,16451
2020-10-28,10534.29,10027,1067,16454
2020-10-29,10586.96,10031,1068,16457
2020-10-30,10639.89,10035,1069,16460
2020-10-31,10693.09,10039,1070,16463
2020-11-01,10746.56,10043,1071,16466
2020-11-02,10800.29,10047,1072,16469
2020-11-03,10854.29,10051,1073,16472
2020-11-04,10908.56,10055,1074,16475
2020-11-05,10963.1,10059,1075,16478
2020-11-06,11017.92,10063,1076,16481
2020-11-07,11073.01,10067,1077,16484
2020-11-08,11128.38,10071,1078,16487
2020-11-09,11184.02,10075,1079,16490
2020-11-10,11239.94,10079,1080,16493
2020-11-11,11296.14,10083,1081,16496
2020-11-12,11352.62,10087,1082,16499
2020-11-13,11409.38,10091,1083,16502
2020-11-14,11466.43,10095,1084,16505
2020-11-15,11523.76,10099,1085,16508
2020-11-16,11581.38,10103,1086,16511
2020-11-17,11639.29,10107,1087,16514
2020-11-18,11697.49,10111,1088,16517
2020-11-19,11755.98,10115,1089,16520
2020-11-20,11814.76,10119,1090,16523
2020-11-21,11873.83,10123,1091,16526
2020-11-22,11933.2,10127,1092,16529
2020-11-23,11992.87,10131,1093,16532
2020-11-24,12052.83,10135,1094,16535
2020-11-25,12113.09,10139,1095,16538
2020-11-26,12173.66,10143,1096,16541
2020-11-27,12234.53,10147,1097,16544
2020-11-28,12295.7,10151,1098,16547
2020-11-29,12357.18,10155,1099,16550
2020-11-30,12418.97,10159,1100,16553
2020-12-01,12481.06,10163,1101,16556
2020-12-02,12543.47,10167,1102,16559
2020-12-03,12606.19,10171,1103,16562
2020-12-04,12669.22,10175,1104,16565
2020-12-05,12732.57,10179,1105,16568
2020-12-06,12796.23,10183,1106,16571
2020-12-07,12860.21,10187,1107,16574
2020-12-08,12924.51,10191,1108,16577
2020-12-09,12989.13,10195,1109,16580
2020-12-10,13054.08,10199,1110,16583
2020-12-11,13119.35,10203,1111,16586
2020-12-12,13184.95,10207,1112,16589
2020-12-13,13250.87,10211,1113,16592
2020-12-14,13317.12,10215,1114,16595
2020-12-15,13383.71,10219,1115,16598
2020-12-16,13450.63,10223,1116,16601
2020-12-17,13517.88,10227,1117,16604
2020-12-18,13585.47,10231,1118,16607
2020-12-19,13653.4,10235,1119,16610
2020-12-20,13721.67,10239,1120,16613
2020-12-21,13790.28,10243,1121,16616
2020-12-22,13859.23,10247,1122,16619
2020-12-23,13928.53,10251,1123,16622
2020-12-24,13998.17,10255,1124,16625
2020-12-25,14068.16,10259,1125,16628
2020-12-26,14138.5,10263,1126,16631
2020-12-27,14209.19,10267,1127,16634
2020-12-28,14280.24,10271,1128,16637
2020-12-29,14351.64,10275,1129,16640
2020-12-30,14423.4,10279,1130,16643
2020-12-31,14495.52,10283,1131,16646
2021-01-01,14494.46,10284,1132,16648
2021-01-02,14493.4,10285,1133,16650
2021-01-03,14492.34,10286,1134,16652
2021-01-04,14491.28,10287,1135,16654
2021-01-05,14490.22,10288,1136,16656
2021-01-06,14489.16,10289,1137,16658
2021-01-07,14488.1,10290,1138,16660
2021-01-08,14487.04,10291,1139,16662
2021-01-09,14485.98,10292,1140,16664
2021-01-10,14484.92,10293,1141,16666
2021-01-11,14483.86,10294,1142,16668
2021-01-12,14482.8,10295,1143,16670
2021-01-13,14481.74,10296,1144,16672
2021-01-14,14480.68,10297,1145,16674
2021-01-15,14479.62,10298,1146,16676
2021-01-16,14478.56,10299,1147,16678
2021-01-17,14477.5,10300,1148,16680
2021-01-18,14476.44,10301,1149,16682
2021-01-19,14475.38,10302,1150,16684
2021-01-20,14474.32,10303,1151,16686
2021-01-21,14473.26,10304,1152,16688
2021-01-22,14472.2,10305,1153,16690
2021-01-23,14471.14,10306,1154,16692
2021-01-24,14470.08,10307,1155,16694
2021-01-25,14469.02,10308,1156,16696
2021-01-26,14467.96,10309,1157,16698
2021-01-27,14466.9,10310,1158,16700
2021-01-28,14465.84,10311,1159,16702
2021-01-29,14464.78,10312,1160,16704
2021-01-30,14463.72,10313,1161,16706
2021-01-31,14462.66,10314,1162,16708
2021-02-01,14461.6,10315,1163,16710
2021-02-02,14460.54,10316,1164,16712
2021-02-03,14459.48,10317,1165,16714
2021-02-04,14458.42,10318,1166,16716
2021-02-05,14457.36,10319,1167,16718
2021-02-06,14456.3,10320,1168,16720
2021-02-07,14455.24,10321,1169,16722
2021-02-08,14454.18,10322,1170,16724
2021-02-09,14453.12,10323,1171,16726
2021-02-10,14452.06,10324,1172,16728
2021-02-11,14451.0,10325,1173,16730
2021-02-12,14449.94,10326,1174,16732
2021-02-13,14448.88,10327,1175,16734
2021-02-14,14447.82,10328,1176,16736
2021-02-15,14446.76,10329,1177,16738
2021-02-16,14445.7,10330,1178,16740
2021-02-17,14444.64,10331,1179,16742
2021-02-18,14443.58,10332,1180,16744
2021-02-19,14442.52,10333,1181,16746
2021-02-20,14441.46,10334,1182,16748
2021-02-21,14440.4,10335,1183,16750
2021-02-22,14439.34,10336,1184,16752
2021-02-23,14438.28,10337,1185,16754
2021-02-24,14437.22,10338,1186,16756
2021-02-25,14436.16,10339,1187,16758
2021-02-26,14435.1,10340,1188,16760
2021-02-27,14434.04,10341,1189,16762
2021-02-28,14432.98,10342,1190,16764
2021-03-01,14431.92,10343,1191,16766
2021-03-02,14430.86,10344,1192,16768
2021-03-03,14429.8,10345,1193,16770
2021-03-04,14428.74,10346,1194,16772
2021-03-05,14427.68,10347,1195,16774
2021-03-06,14426.62,10348,1196,16776
2021-03-07,14425.56,10349,1197,16778
2021-03-08,14424.5,10350,1198,16780
2021-03-09,14423.44,10351,1199,16782
2021-03-10,14422.38,10352,1200,16784
2021-03-11,14421.32,10353,1201,16786
2021-03-12,14420.26,10354,1202,16788
2021-03-13,14419.2,10355,1203,16790
2021-03-14,14418.14,10356,1204,16792
2021-03-15,14417.08,10357,1205,16794
2021-03-16,14416.02,10358,1206,16796
2021-03-17,14414.96,10359,1207,16798
2021-03-18,14413.9,10360,1208,16800
2021-03-19,14412.84,10361,1209,16802
2021-03-20,14411.78,10362,1210,16804
2021-03-21,14410.72,10363,1211,16806
2021-03-22,14409.66,10364,1212,16808
2021-03-23,14408.6,10365,1213,16810
2021-03-24,14407.54,10366,1214,16812
2021-03-25,14406.48,10367,1215,16814
2021-03-26,14405.42,10368,1216,16816
2021-03-27,14404.36,10369,1217,16818
2021-03-28,14403.3,10370,1218,16820
2021-03-29,14402.24,10371,1219,16822
2021-03-30,14401.18,10372,1220,16824
2021-03-31,14400.12,10373,1221,16826
2021-04-01,14399.06,10374,1222,16828
2021-04-02,14398.0,10375,1223,16830
2021-04-03,14396.94,10376,1224,16832
2021-04-04,14395.88,10377,1225,16834
2021-04-05,14394.82,10378,1226,16836
2021-04-06,14393.76,10379,1227,16838
2021-04-07,14392.7,10380,1228,16840
2021-04-08,14391.64,10381,1229,16842
2021-04-09,14390.58,10382,1230,16844
2021-04-10,14389.52,10383,1231,16846
2021-04-11,14388.46,10384,1232,16848
2021-04-12,14387.4,10385,1233,16850
2021-04-13,14386.34,10386,1234,16852
2021-04-14,14385.28,10387,1235,16854
2021-04-15,14384.22,10388,1236,16856
2021-04-16,14383.16,10389,1237,16858
2021-04-17,14382.1,10390,1238,16860
2021-04-18,14381.04,10391,1239,16862
2021-04-19,14379.98,10392,1240,16864
2021-04-20,14378.92,10393,1241,16866
2021-04-21,14377.86,10394,1242,16868
2021-04-22,14376.8,10395,1243,16870
2021-04-23,14375.74,10396,1244,16872
2021-04-24,14374.68,10397,1245,16874
2021-04-25,14373.62,10398,1246,16876
2021-04-26,14372.56,10399,1247,16878
2021-04-27,14371.5,10400,1248,16880
2021-04-28,14370.44,10401,1249,16882
2021-04-29,14369.38,10402,1250,16884
2021-04-30,14368.32,10403,1251,16886
2021-05-01,14367.26,10404,1252,16888
2021-05-02,14366.2,10405,1253,16890
2021-05-03,14365.14,10406,1254,16892
2021-05-04,14364.08,10407,1255,16894
2021-05-05,14363.02,10408,1256,16896
2021-05-06,14361.96,10409,1257,16898
2021-05-07,14360.9,10410,1258,16900
2021-05-08,14359.84,10411,1259,16902
2021-05-09,14358.78,10412,1260,16904
2021-05-10,14357.72,10413,1261,16906
2021-05-11,14356.66,10414,1262,16908
2021-05-12,14355.6,10415,1263,16910
2021-05-13,14354.54,10416,1264,16912
2021-05-14,14353.48,10417,1265,16914
2021-05-15,14352.42,10418,1266,16916
2021-05-16,14351.36,10419,1267,16918
2021-05-17,14350.3,10420,1268,16920
2021-05-18,14349.24,10421,1269,16922
2021-05-19,14348.18,10422,1270,16924
2021-05-20,14347.12,10423,1271,16926
2021-05-21,14346.06,10424,1272,16928
2021-05-22,14345.0,10425,1273,16930
2021-05-23,14343.94,10426,1274,16932
2021-05-24,14342.88,10427,1275,16934
2021-05-25,14341.82,10428,1276,16936
2021-05-26,14340.76,10429,1277,16938
2021-05-27,14339.7,10430,1278,16940
2021-05-28,14338.64,10431,1279,16942
2021-05-29,14337.58,10432,1280,16944
2021-05-30,14336.52,10433,1281,16946
2021-05-31,14335.46,10434,1282,16948
2021-06-01,14334.4,10435,1283,16950
2021-06-02,14333.34,10436,1284,16952
2021-06-03,14332.28,10437,1285,16954
2021-06-04,14331.22,10438,1286,16956
2021-06-05,14330.16,10439,1287,16958
2021-06-06,14329.1,10440,1288,16960
2021-06-07,14328.04,10441,1289,16962
2021-06-08,14326.98,10442,1290,16964
2021-06-09,14325.92,10443,1291,16966
2021-06-10,14324.86,10444,1292,16968
2021-06-11,14323.8,10445,1293,16970
2021-06-12,14322.74,10446,1294,16972
2021-06-13,14321.68,10447,1295,16974
2021-06-14,14320.62,10448,1296,16976
2021-06-15,14319.56,10449,1297,16978
2021-06-16,14318.5,10450,1298,16980
2021-06-17,14317.44,10451,1299,16982
2021-06-18,14316.38,10452,1300,16984
2021-06-19,14315.32,10453,1301,16986
2021-06-20,14314.26,10454,1302,16988
2021-06-21,14313.2,10455,1303,16990
2021-06-22,14312.14,10456,1304,16992
2021-06-23,14311.08,10457,1305,16994
2021-06-24,14310.02,10458,1306,16996
2021-06-25,14308.96,10459,1307,16998
2021-06-26,14307.9,10460,1308,17000
2021-06-27,14306.84,10461,1309,17002
2021-06-28,14305.78,10462,1310,17004
2021-06-29,14304.72,10463,1311,17006
2021-06-30,14303.66,10464,1312,17008
2021-07-01,14302.6,10465,1313,17010
2021-07-02,14301.54,10466,1314,17012
2021-07-03,14300.48,10467,1315,17014
2021-07-04,14299.42,10468,1316,17016
2021-07-05,14298.36,10469,1317,17018
2021-07-06,14297.3,10470,1318,17020
2021-07-07,14296.24,10471,1319,17022
2021-07-08,14295.18,10472,1320,17024
2021-07-09,14294.12,10473,1321,17026
2021-07-10,14293.06,10474,1322,17028
2021-07-11,14292.0,10475,1323,17030
2021-07-12,14290.94,10476,1324,17032
2021-07-13,14289.88,10477,1325,17034
2021-07-14,14288.82,10478,1326,17036
2021-07-15,14287.76,10479,1327,17038
2021-07-16,14286.7,10480,1328,17040
2021-07-17,14285.64,10481,1329,17042
2021-07-18,14284.58,10482,1330,17044
2021-07-19,14283.52,10483,1331,17046
2021-07-20,14282.46,10484,1332,17048
2021-07-21,14281.4,10485,1333,17050
2021-07-22,14280.34,10486,1334,17052
2021-07-23,14279.28,10487,1335,17054
2021-07-24,14278.22,10488,1336,17056
2021-07-25,14277.16,10489,1337,17058
2021-07-26,14276.1,10490,1338,17060
2021-07-27,14275.04,10491,1339,17062
2021-07-28,14273.98,10492,1340,17064
2021-07-29,14272.92,10493,1341,17066
2021-07-30,14271.86,10494,1342,17068
2021-07-31,14270.8,10495,1343,17070
2021-08-01,14269.74,10496,1344,17072
2021-08-02,14268.68,10497,1345,17074
2021-08-03,14267.62,10498,1346,17076
2021-08-04,14266.56,10499,1347,17078
2021-08-05,14265.5,10500,1348,17080
2021-08-06,14264.44,10501,1349,17082
2021-08-07,14263.38,10502,1350,17084
2021-08-08,14262.32,10503,1351,17086
2021-08-09,14261.26,10504,1352,17088
2021-08-10,14260.2,10505,1353,17090
2021-08-11,14259.14,10506,1354,17092
2021-08-12,14258.08,10507,1355,17094
2021-08-13,14257.02,10508,1356,17096
2021-08-14,14255.96,10509,1357,17098
2021-08-15,14254.9,10510,1358,17100
2021-08-16,14253.84,10511,1359,17102
2021-08-17,14252.78,10512,1360,17104
2021-08-18,14251.72,10513,1361,17106
2021-08-19,14250.66,10514,1362,17108
2021-08-20,14249.6,10515,1363,17110
2021-08-21,14248.54,10516,1364,17112
2021-08-22,14247.48,10517,1365,17114
2021-08-23,14246.42,10518,1366,17116
2021-08-24,14245.36,10519,1367,17118
2021-08-25,14244.3,10520,1368,17120
2021-08-26,14243.24,10521,1369,17122
2021-08-27,14242.18,10522,1370,17124
2021-08-28,14241.12,10523,1371,17126
2021-08-29,14240.06,10524,1372,17128
2021-08-30,14239.0,10525,1373,17130
2021-08-31,14237.94,10526,1374,17132
2021-09-01,14236.88,10527,1375,17134
2021-09-02,14235.82,10528,1376,17136
2021-09-03,14234.76,10529,1377,17138
2021-09-04,14233.7,10530,1378,17140
2021-09-05,14232.64,10531,1379,17142
2021-09-06,14231.58,10532,1380,17144
2021-09-07,14230.52,10533,1381,17146
2021-09-08,14229.46,10534,1382,17148
2021-09-09,14228.4,10535,1383,17150
2021-09-10,14227.34,10536,1384,17152
2021-09-11,14226.28,10537,1385,17154
2021-09-12,14225.22,10538,1386,17156
2021-09-13,14224.16,10539,1387,17158
2021-09-14,14223.1,10540,1388,17160
2021-09-15,14222.04,10541,1389,17162
2021-09-16,14220.98,10542,1390,17164
2021-09-17,14219.92,10543,1391,17166
2021-09-18,14218.86,10544,1392,17168
2021-09-19,14217.8,10545,1393,17170
2021-09-20,14216.74,10546,1394,17172
2021-09-21,14215.68,10547,1395,17174
2021-09-22,14214.62,10548,1396,17176
2021-09-23,14213.56,10549,1397,17178
2021-09-24,14212.5,10550,1398,17180
2021-09-25,14211.44,10551,1399,17182
2021-09-26,14210.38,10552,1400,17184
2021-09-27,14209.32,10553,1401,17186
2021-09-28,14208.26,10554,1402,17188
2021-09-29,14207.2,10555,1403,17190
2021-09-30,14206.14,10556,1404,17192
2021-10-01,14277.17,10560,1405,17195
2021-10-02,14348.56,10564,1406,17198
2021-10-03,14420.3,10568,1407,17201
2021-10-04,14492.4,10572,1408,17204
2021-10-05,14564.86,10576,1409,17207
2021-10-06,14637.68,10580,1410,17210
2021-10-07,14710.87,10584,1411,17213
2021-10-08,14784.42,10588,1412,17216
2021-10-09,14858.34,10592,1413,17219
2021-10-10,14932.63,10596,1414,17222
2021-10-11,15007.29,10600,1415,17225
2021-10-12,15082.33,10604,1416,17228
2021-10-13,15157.74,10608,1417,17231
2021-10-14,15233.53,10612,1418,17234
2021-10-15,15309.7,10616,1419,17237
2021-10-16,15386.25,10620,1420,17240
2021-10-17,15463.18,10624,1421,17243
2021-10-18,15540.5,10628,1422,17246
2021-10-19,15618.2,10632,1423,17249
2021-10-20,15696.29,10636,1424,17252
2021-10-21,15774.77,10640,1425,17255
2021-10-22,15853.64,10644,1426,17258
2021-10-23,15932.91,10648,1427,17261
2021-10-24,16012.57,10652,1428,17264
2021-10-25,16092.63,10656,1429,17267
2021-10-26,16173.09,10660,1430,17270
2021-10-27,16253.96,10664,1431,17273
2021-10-28,16335.23,10668,1432,17276
2021-10-29,16416.91,10672,1433,17279
2021-10-30,16498.99,10676,1434,17282
2021-10-31,16581.48,10680,1435,17285
2021-11-01,16664.39,10684,1436,17288
2021-11-02,16747.71,10688,1437,17291
2021-11-03,16831.45,10692,1438,17294
2021-11-04,16915.61,10696,1439,17297
2021-11-05,17000.19,10700,1440,17300
2021-11-06,17085.19,10704,1441,17303
2021-11-07,17170.62,10708,1442,17306
2021-11-08,17256.47,10712,1443,17309
2021-11-09,17342.75,10716,1444,17312
2021-11-10,17429.46,10720,1445,17315
2021-11-11,17516.61,10724,1446,17318
2021-11-12,17604.19,10728,1447,17321
2021-11-13,17692.21,10732,1448,17324
2021-11-14,17780.67,10736,1449,17327
2021-11-15,17869.57,10740,1450,17330
2021-11-16,17958.92,10744,1451,17333
2021-11-17,18048.71,10748,1452,17336
2021-11-18,18138.95,10752,1453,17339
2021-11-19,18229.64,10756,1454,17342
2021-11-20,18320.79,10760,1455,17345
2021-11-21,18412.39,10764,1456,17348
2021-11-22,18504.45,10768,1457,17351
2021-11-23,18596.97,10772,1458,17354
2021-11-24,18689.95,10776,1459,17357
2021-11-25,18783.4,10780,1460,17360
2021-11-26,18877.32,10784,1461,17363
2021-11-27,18971.71,10788,1462,17366
2021-11-28,19066.57,10792,1463,17369
2021-11-29,19161.9,10796,1464,17372
2021-11-30,19257.71,10800,1465,17375
2021-12-01,19354.0,10804,1466,17378
2021-12-02,19450.77,10808,1467,17381
2021-12-03,19548.02,10812,1468,17384
2021-12-04,19645.76,10816,1469,17387
2021-12-05,19743.99,10820,1470,17390
2021-12-06,19842.71,10824,1471,17393
2021-12-07,19941.92,10828,1472,17396
2021-12-08,20041.63,10832,1473,17399
2021-12-09,20141.84,10836,1474,17402
2021-12-10,20242.55,10840,1475,17405
2021-12-11,20343.76,10844,1476,17408
2021-12-12,20445.48,10848,1477,17411
2021-12-13,20547.71,10852,1478,17414
2021-12-14,20650.45,10856,1479,17417
2021-12-15,20753.7,10860,1480,17420
2021-12-16,20857.47,10864,1481,17423
2021-12-17,20961.76,10868,1482,17426
2021-12-18,21066.57,10872,1483,17429
2021-12-19,21171.9,10876,1484,17432
2021-12-20,21277.76,10880,1485,17435
2021-12-21,21384.15,10884,1486,17438
2021-12-22,21491.07,10888,1487,17441
2021-12-23,21598.53,10892,1488,17444
2021-12-24,21706.52,10896,1489,17447
2021-12-25,21815.05,10900,1490,17450
2021-12-26,21924.13,10904,1491,17453
2021-12-27,22033.75,10908,1492,17456
2021-12-28,22143.92,10912,1493,17459
2021-12-29,22254.64,10916,1494,17462
2021-12-30,22365.91,10920,1495,17465
2021-12-31,22477.74,10924,1496,17468
2022-01-01,22477.74,10924,1496,17468
2022-01-02,22477.74,10924,1496,17468
2022-01-03,22477.74,10924,1496,17468
2022-01-04,22477.74,10924,1496,17468
2022-01-05,22477.74,10924,1496,17468
2022-01-06,22477.74,10924,1496,17468
2022-01-07,22477.74,10924,1496,17468
2022-01-08,22477.74,10924,1496,17468
2022-01-09,22477.74,10924,1496,17468
2022-01-10,22477.74,10924,1496,17468
2022-01-11,22477.74,10924,1496,17468
2022-01-12,22477.74,10924,1496,17468
2022-01-13,22477.74,10924,1496,17468
2022-01-14,22477.74,10924,1496,17468
2022-01-15,22477.74,10924,1496,17468
2022-01-16,22477.74,10924,1496,17468
2022-01-17,22477.74,10924,1496,17468
2022-01-18,22477.74,10924,1496,17468
2022-01-19,22477.74,10924,1496,17468
2022-01-20,22477.74,10924,1496,17468
2022-01-21,22477.74,10924,1496,17468
2022-01-22,22477.74,10924,1496,17468
2022-01-23,22477.74,10924,1496,17468
2022-01-24,22477.74,10924,1496,17468
2022-01-25,22477.74,10924,1496,17468
2022-01-26,22477.74,10924,1496,17468
2022-01-27,22477.74,10924,1496,17468
2022-01-28,22477.74,10924,1496,17468
2022-01-29,22477.74,10924,1496,17468
2022-01-30,22477.74,10924,1496,17468
2022-01-31,22477.74,10924,1496,17468
2022-02-01,22477.74,10924,1496,17468
2022-02-02,22477.74,10924,1496,17468
2022-02-03,22477.74,10924,1496,17468
2022-02-04,22477.74,10924,1496,17468
2022-02-05,22477.74,10924,1496,17468
2022-02-06,22477.74,10924,1496,17468
2022-02-07,22477.74,10924,1496,17468
2022-02-08,22477.74,10924,1496,17468
2022-02-09,22477.74,10924,1496,17468
2022-02-10,22477.74,10924,1496,17468
2022-02-11,22477.74,10924,1496,17468
2022-02-12,22477.74,10924,1496,17468
2022-02-13,22477.74,10924,1496,17468
2022-02-14,22477.74,10924,1496,17468
2022-02-15,22477.74,10924,1496,17468
2022-02-16,22477.74,10924,1496,17468
2022-02-17,22477.74,10924,1496,17468
2022-02-18,22477.74,10924,1496,17468
2022-02-19,22477.74,10924,1496,17468
2022-02-20,22477.74,10924,1496,17468
2022-02-21,22477.74,10924,1496,17468
2022-02-22,22477.74,10924,1496,17468
2022-02-23,22477.74,10924,1496,17468
2022-02-24,22477.74,10924,1496,17468
2022-02-25,22477.74,10924,1496,17468
2022-02-26,22477.74,10924,1496,17468
2022-02-27,22477.74,10924,1496,17468
2022-02-28,22477.74,10924,1496,17468
2022-03-01,22477.74,10924,1496,17468
2022-03-02,22477.74,10924,1496,17468
2022-03-03,22477.74,10924,1496,17468
2022-03-04,22477.74,10924,1496,17468
2022-03-05,22477.74,10924,1496,17468
2022-03-06,22477.74,10924,1496,17468
2022-03-07,22477.74,10924,1496,17468
2022-03-08,22477.74,10924,1496,17468
2022-03-09,22477.74,10924,1496,17468
2022-03-10,22477.74,10924,1496,17468
2022-03-11,22477.74,10924,1496,17468
2022-03-12,22477.74,10924,1496,17468
2022-03-13,22477.74,10924,1496,17468
2022-03-14,22477.74,10924,1496,17468
2022-03-15,22477.74,10924,1496,17468
2022-03-16,22477.74,10924,1496,17468
2022-03-17,22477.74,10924,1496,17468
2022-03-18,22477.74,10924,1496,17468
2022-03-19,22477.74,10924,1496,17468
2022-03-20,22477.74,10924,1496,17468
2022-03-21,22477.74,10924,1496,17468
2022-03-22,22477.74,10924,1496,17468
2022-03-23,22477.74,10924,1496,17468
2022-03-24,22477.74,10924,1496,17468
2022-03-25,22477.74,10924,1496,17468
2022-03-26,22477.74,10924,1496,17468
2022-03-27,22477.74,10924,1496,17468
2022-03-28,22477.74,10924,1496,17468
2022-03-29,22477.74,10924,1496,17468
2022-03-30,22477.74,10924,1496,17468
2022-03-31,22477.74,10924,1496,17468
2022-04-01,22477.74,10924,1496,17468
2022-04-02,22477.74,10924,1496,17468
2022-04-03,22477.74,10924,1496,17468
2022-04-04,22477.74,10924,1496,17468
2022-04-05,22477.74,10924,1496,17468
2022-04-06,22477.74,10924,1496,17468
2022-04-07,22477.74,10924,1496,17468
2022-04-08,22477.74,10924,1496,17468
2022-04-09,22477.74,10924,1496,17468
2022-04-10,22477.74,10924,1496,17468
2022-04-11,22477.74,10924,1496,17468
2022-04-12,22477.74,10924,1496,17468
2022-04-13,22477.74,10924,1496,17468
2022-04-14,22477.74,10924,1496,17468
2022-04-15,22477.74,10924,1496,17468
2022-04-16,22477.74,10924,1496,17468
2022-04-17,22477.74,10924,1496,17468
2022-04-18,22477.74,10924,1496,17468
2022-04-19,22477.74,10924,1496,17468
2022-04-20,22477.74,10924,1496,17468
2022-04-21,22477.74,10924,1496,17468
2022-04-22,22477.74,10924,1496,17468
2022-04-23,22477.74,10924,1496,17468
2022-04-24,22477.74,10924,1496,17468
2022-04-25,22477.74,10924,1496,17468
2022-04-26,22477.74,10924,1496,17468
2022-04-27,22477.74,10924,1496,17468
2022-04-28,22477.74,10924,1496,17468
2022-04-29,22477.74,10924,1496,17468
2022-04-30,22477.74,10924,1496,17468
2022-05-01,22477.74,10924,1496,17468
2022-05-02,22477.74,10924,1496,17468
2022-05-03,22477.74,10924,1496,17468
2022-05-04,22477.74,10924,1496,17468
2022-05-05,22477.74,10924,1496,17468
2022-05-06,22477.74,10924,1496,17468
2022-05-07,22477.74,10924,1496,17468
2022-05-08,22477.74,10924,1496,17468
2022-05-09,22477.74,10924,1496,17468
2022-05-10,22477.74,10924,1496,17468
2022-05-11,22477.74,10924,1496,17468
2022-05-12,22477.74,10924,1496,17468
2022-05-13,22477.74,10924,1496,17468
2022-05-14,22477.74,10924,1496,17468
2022-05-15,22477.74,10924,1496,17468
2022-05-16,22477.74,10924,1496,17468
2022-05-17,22477.74,10924,1496,17468
2022-05-18,22477.74,10924,1496,17468
2022-05-19,22477.74,10924,1496,17468
2022-05-20,22477.74,10924,1496,17468
2022-05-21,22477.74,10924,1496,17468
2022-05-22,22477.74,10924,1496,17468
2022-05-23,22477.74,10924,1496,17468
2022-05-24,22477.74,10924,1496,17468
2022-05-25,22477.74,10924,1496,17468
2022-05-26,22477.74,10924,1496,17468
2022-05-27,22477.74,10924,1496,17468
2022-05-28,22477.74,10924,1496,17468
2022-05-29,22477.74,10924,1496,17468
2022-05-30,22477.74,10924,1496,17468
2022-05-31,22477.74,10924,1496,17468
2022-06-01,22477.74,10924,1496,17468
2022-06-02,22477.74,10924,1496,17468
2022-06-03,22477.74,10924,1496,17468
2022-06-04,22477.74,10924,1496,17468
2022-06-05,22477.74,10924,1496,17468
2022-06-06,22477.74,10924,1496,17468
2022-06-07,22477.74,10924,1496,17468
2022-06-08,22477.74,10924,1496,17468
2022-06-09,22477.74,10924,1496,17468
2022-06-10,22477.74,10924,1496,17468
2022-06-11,22477.74,10924,1496,17468
2022-06-12,22477.74,10924,1496,17468
2022-06-13,22477.74,10924,1496,17468
2022-06-14,22477.74,10924,1496,17468
2022-06-15,22477.74,10924,1496,17468
2022-06-16,22477.74,10924,1496,17468
2022-06-17,22477.74,10924,1496,17468
2022-06-18,22477.74,10924,1496,17468
2022-06-19,22477.74,10924,1496,17468
2022-06-20,22477.74,10924,1496,17468
2022-06-21,22477.74,10924,1496,17468
2022-06-22,22477.74,10924,1496,17468
2022-06-23,22477.74,10924,1496,17468
2022-06-24,22477.74,10924,1496,17468
2022-06-25,22477.74,10924,1496,17468
2022-06-26,22477.74,10924,1496,17468
2022-06-27,22477.74,10924,1496,17468
2022-06-28,22477.74,10924,1496,17468
2022-06-29,22477.74,10924,1496,17468
2022-06-30,22477.74,10924,1496,17468
2022-07-01,22477.74,10924,1496,17468
2022-07-02,22477.74,10924,1496,17468
2022-07-03,22477.74,10924,1496,17468
2022-07-04,22477.74,10924,1496,17468
2022-07-05,22477.74,10924,1496,17468
2022-07-06,22477.74,10924,1496,17468
2022-07-07,22477.74,10924,1496,17468
2022-07-08,22477.74,10924,1496,17468
2022-07-09,22477.74,10924,1496,17468
2022-07-10,22477.74,10924,1496,17468
2022-07-11,22477.74,10924,1496,17468
2022-07-12,22477.74,10924,1496,17468
2022-07-13,22477.74,10924,1496,17468
2022-07-14,22477.74,10924,1496,17468
2022-07-15,22477.74,10924,1496,17468
2022-07-16,22477.74,10924,1496,17468
2022-07-17,22477.74,10924,1496,17468
2022-07-18,22477.74,10924,1496,17468
2022-07-19,22477.74,10924,1496,17468
2022-07-20,22477.74,10924,1496,17468
2022-07-21,22477.74,10924,1496,17468
2022-07-22,22477.74,10924,1496,17468
2022-07-23,22477.74,10924,1496,17468
2022-07-24,22477.74,10924,1496,17468
2022-07-25,22477.74,10924,1496,17468
2022-07-26,22477.74,10924,1496,17468
2022-07-27,22477.74,10924,1496,17468
2022-07-28,22477.74,10924,1496,17468
2022-07-29,22477.74,10924,1496,17468
2022-07-30,22477.74,10924,1496,17468
2022-07-31,22477.74,10924,1496,17468
2022-08-01,22477.74,10924,1496,17468
2022-08-02,22477.74,10924,1496,17468
2022-08-03,22477.74,10924,1496,17468
2022-08-04,22477.74,10924,1496,17468
2022-08-05,22477.74,10924,1496,17468
2022-08-06,22477.74,10924,1496,17468
2022-08-07,22477.74,10924,1496,17468
2022-08-08,22477.74,10924,1496,17468
2022-08-09,22477.74,10924,1496,17468
2022-08-10,22477.74,10924,1496,17468
2022-08-11,22477.74,10924,1496,17468
2022-08-12,22477.74,10924,1496,17468
2022-08-13,22477.74,10924,1496,17468
2022-08-14,22477.74,10924,1496,17468
2022-08-15,22477.74,10924,1496,17468
2022-08-16,22477.74,10924,1496,17468
2022-08-17,22477.74,10924,1496,17468
2022-08-18,22477.74,10924,1496,17468
2022-08-19,22477.74,10924,1496,17468
2022-08-20,22477.74,10924,1496,17468
2022-08-21,22477.74,10924,1496,17468
2022-08-22,22477.74,10924,1496,17468
2022-08-23,22477.74,10924,1496,17468
2022-08-24,22477.74,10924,1496,17468
2022-08-25,22477.74,10924,1496,17468
2022-08-26,22477.74,10924,1496,17468
2022-08-27,22477.74,10924,1496,17468
2022-08-28,22477.74,10924,1496,17468
2022-08-29,22477.74,10924,1496,17468
2022-08-30,22477.74,10924,1496,17468
2022-08-31,22477.74,10924,1496,17468
2022-09-01,22477.74,10924,1496,17468
2022-09-02,22477.74,10924,1496,17468
2022-09-03,22477.74,10924,1496,17468
2022-09-04,22477.74,10924,1496,17468
2022-09-05,22477.74,10924,1496,17468
2022-09-06,22477.74,10924,1496,17468
2022-09-07,22477.74,10924,1496,17468
2022-09-08,22477.74,10924,1496,17468
2022-09-09,22477.74,10924,1496,17468
2022-09-10,22477.74,10924,1496,17468
2022-09-11,22477.74,10924,1496,17468
2022-09-12,22477.74,10924,1496,17468
2022-09-13,22477.74,10924,1496,17468
2022-09-14,22477.74,10924,1496,17468
2022-09-15,22477.74,10924,1496,17468
2022-09-16,22477.74,10924,1496,17468
2022-09-17,22477.74,10924,1496,17468
2022-09-18,22477.74,10924,1496,17468
2022-09-19,22477.74,10924,1496,17468
2022-09-20,22477.74,10924,1496,17468
2022-09-21,22477.74,10924,1496,17468
2022-09-22,22477.74,10924,1496,17468
2022-09-23,22477.74,10924,1496,17468
2022-09-24,22477.74,10924,1496,17468
2022-09-25,22477.74,10924,1496,17468
2022-09-26,22477.74,10924,1496,17468
2022-09-27,22477.74,10924,1496,17468
2022-09-28,22477.74,10924,1496,17468
2022-09-29,22477.74,10924,1496,17468
2022-09-30,22477.74,10924,1496,17468
2022-10-01,22477.74,10924,1496,17468
2022-10-02,22477.74,10924,1496,17468
2022-10-03,22477.74,10924,1496,17468
2022-10-04,22477.74,10924,1496,17468
2022-10-05,22477.74,10924,1496,17468
2022-10-06,22477.74,10924,1496,17468
2022-10-07,22477.74,10924,1496,17468
2022-10-08,22477.74,10924,1496,17468
2022-10-09,22477.74,10924,1496,17468
2022-10-10,22477.74,10924,1496,17468
2022-10-11,22477.74,10924,1496,17468
2022-10-12,22477.74,10924,1496,17468
2022-10-13,22477.74,10924,1496,17468
2022-10-14,22477.74,10924,1496,17468
2022-10-15,22477.74,10924,1496,17468
2022-10-16,22477.74,10924,1496,17468
2022-10-17,22477.74,10924,1496,17468
2022-10-18,22477.74,10924,1496,17468
2022-10-19,22477.74,10924,1496,17468
2022-10-20,22477.74,10924,1496,17468
2022-10-21,22477.74,10924,1496,17468
2022-10-22,22477.74,10924,1496,17468
2022-10-23,22477.74,10924,1496,17468
2022-10-24,22477.74,10924,1496,17468
2022-10-25,22477.74,10924,1496,17468
2022-10-26,22477.74,10924,1496,17468
2022-10-27,22477.74,10924,1496,17468
2022-10-28,22477.74,10924,1496,17468
2022-10-29,22477.74,10924,1496,17468
2022-10-30,22477.74,10924,1496,17468
2022-10-31,22477.74,10924,1496,17468
2022-11-01,22477.74,10924,1496,17468
2022-11-02,22477.74,10924,1496,17468
2022-11-03,22477.74,10924,1496,17468
2022-11-04,22477.74,10924,1496,17468
2022-11-05,22477.74,10924,1496,17468
2022-11-06,22477.74,10924,1496,17468
2022-11-07,22477.74,10924,1496,17468
2022-11-08,22477.74,10924,1496,17468
2022-11-09,22477.74,10924,1496,17468
2022-11-10,22477.74,10924,1496,17468
2022-11-11,22477.74,10924,1496,17468
2022-11-12,22477.74,10924,1496,17468
2022-11-13,22477.74,10924,1496,17468
2022-11-14,22477.74,10924,1496,17468
2022-11-15,22477.74,10924,1496,17468
2022-11-16,22477.74,10924,1496,17468
2022-11-17,22477.74,10924,1496,17468
2022-11-18,22477.74,10924,1496,17468
2022-11-19,22477.74,10924,1496,17468
2022-11-20,22477.74,10924,1496,17468
2022-11-21,22477.74,10924,1496,17468
2022-11-22,22477.74,10924,1496,17468
2022-11-23,22477.74,10924,1496,17468
2022-11-24,22477.74,10924,1496,17468
2022-11-25,22477.74,10924,1496,17468
2022-11-26,22477.74,10924,1496,17468
2022-11-27,22477.74,10924,1496,17468
2022-11-28,22477.74,10924,1496,17468
2022-11-29,22477.74,10924,1496,17468
2022-11-30,22477.74,10924,1496,17468
2022-12-01,22477.74,10924,1496,17468
2022-12-02,22477.74,10924,1496,17468
2022-12-03,22477.74,10924,1496,17468
2022-12-04,22477.74,10924,1496,17468
2022-12-05,22477.74,10924,1496,17468
2022-12-06,22477.74,10924,1496,17468
2022-12-07,22477.74,10924,1496,17468
2022-12-08,22477.74,10924,1496,17468
2022-12-09,22477.74,10924,1496,17468
2022-12-10,22477.74,10924,1496,17468
2022-12-11,22477.74,10924,1496,17468
2022-12-12,22477.74,10924,1496,17468
2022-12-13,22477.74,10924,1496,17468
2022-12-14,22477.74,10924,1496,17468
2022-12-15,22477.74,10924,1496,17468
2022-12-16,22477.74,10924,1496,17468
2022-12-17,22477.74,10924,1496,17468
2022-12-18,22477.74,10924,1496,17468
2022-12-19,22477.74,10924,1496,17468
2022-12-20,22477.74,10924,1496,17468
2022-12-21,22477.74,10924,1496,17468
2022-12-22,22477.74,10924,1496,17468
2022-12-23,22477.74,10924,1496,17468
2022-12-24,22477.74,10924,1496,17468
2022-12-25,22477.74,10924,1496,17468
2022-12-26,22477.74,10924,1496,17468
2022-12-27,22477.74,10924,1496,17468
2022-12-28,22477.74,10924,1496,17468
2022-12-29,22477.74,10924,1496,17468
2022-12-30,22477.74,10924,1496,17468
2022-12-31,22477.74,10924,1496,17468
2023-01-01,22477.74,10924,1496,17468
2023-01-02,22477.74,10924,1496,17468
2023-01-03,22477.74,10924,1496,17468
2023-01-04,22477.74,10924,1496,17468
2023-01-05,22477.74,10924,1496,17468
2023-01-06,22477.74,10924,1496,17468
2023-01-07,22477.74,10924,1496,17468
2023-01-08,22477.74,10924,1496,17468
2023-01-09,22477.74,10924,1496,17468
2023-01-10,22477.74,10924,1496,17468
2023-01-11,22477.74,10924,1496,17468
2023-01-12,22477.74,10924,1496,17468
2023-01-13,22477.74,10924,1496,17468
2023-01-14,22477.74,10924,1496,17468
2023-01-15,22477.74,10924,1496,17468
2023-01-16,22477.74,10924,1496,17468
2023-01-17,22477.74,10924,1496,17468
2023-01-18,22477.74,10924,1496,17468
2023-01-19,22477.74,10924,1496,17468
2023-01-20,22477.74,10924,1496,17468
2023-01-21,22477.74,10924,1496,17468
2023-01-22,22477.74,10924,1496,17468
2023-01-23,22477.74,10924,1496,17468
2023-01-24,22477.74,10924,1496,17468
2023-01-25,22477.74,10924,1496,17468
2023-01-26,22477.74,10924,1496,17468
2023-01-27,22477.74,10924,1496,17468
2023-01-28,22477.74,10924,1496,17468
2023-01-29,22477.74,10924,1496,17468
2023-01-30,22477.74,10924,1496,17468
2023-01-31,22477.74,10924,1496,17468
2023-02-01,22477.74,10924,1496,17468
2023-02-02,22477.74,10924,1496,17468
2023-02-03,22477.74,10924,1496,17468
2023-02-04,22477.74,10924,1496,17468
2023-02-05,22477.74,10924,1496,17468
2023-02-06,22477.74,10924,1496,17468
2023-02-07,22477.74,10924,1496,17468
2023-02-08,22477.74,10924,1496,17468
2023-02-09,22477.74,10924,1496,17468
2023-02-10,22477.74,10924,1496,17468
2023-02-11,22477.74,10924,1496,17468
2023-02-12,22477.74,10924,1496,17468
2023-02-13,22477.74,10924,1496,17468
2023-02-14,22477.74,10924,1496,17468
2023-02-15,22477.74,10924,1496,17468
2023-02-16,22477.74,10924,1496,17468
2023-02-17,22477.74,10924,1496,17468
2023-02-18,22477.74,10924,1496,17468
2023-02-19,22477.74,10924,1496,17468
2023-02-20,22477.74,10924,1496,17468
2023-02-21,22477.74,10924,1496,17468
2023-02-22,22477.74,10924,1496,17468
2023-02-23,22477.74,10924,1496,17468
2023-02-24,22477.74,10924,1496,17468
2023-02-25,22477.74,10924,1496,17468
2023-02-26,22477.74,10924,1496,17468
2023-02-27,22477.74,10924,1496,17468
2023-02-28,22477.74,10924,1496,17468
2023-03-01,22477.74,10924,1496,17468
2023-03-02,22477.74,10924,1496,17468
2023-03-03,22477.74,10924,1496,17468
2023-03-04,22477.74,10924,1496,17468
2023-03-05,22477.74,10924,1496,17468
2023-03-06,22477.74,10924,1496,17468
2023-03-07,22477.74,10924,1496,17468
2023-03-08,22477.74,10924,1496,17468
2023-03-09,22477.74,10924,1496,17468
2023-03-10,22477.74,10924,1496,17468
2023-03-11,22477.74,10924,1496,17468
2023-03-12,22477.74,10924,1496,17468
2023-03-13,22477.74,10924,1496,17468
2023-03-14,22477.74,10924,1496,17468
2023-03-15,22477.74,10924,1496,17468
2023-03-16,22477.74,10924,1496,17468
2023-03-17,22477.74,10924,1496,17468
2023-03-18,22477.74,10924,1496,17468
2023-03-19,22477.74,10924,1496,17468
2023-03-20,22477.74,10924,1496,17468
2023-03-21,22477.74,10924,1496,17468
2023-03-22,22477.74,10924,1496,17468
2023-03-23,22477.74,10924,1496,17468
2023-03-24,22477.74,10924,1496,17468
2023-03-25,22477.74,10924,1496,17468
2023-03-26,22477.74,10924,1496,17468
2023-03-27,22477.74,10924,1496,17468
2023-03-28,22477.74,10924,1496,17468
2023-03-29,22477.74,10924,1496,17468
2023-03-30,22477.74,10924,1496,17468
2023-03-31,22477.74,10924,1496,17468
2023-04-01,22477.74,10924,1496,17468
2023-04-02,22477.74,10924,1496,17468
2023-04-03,22477.74,10924,1496,17468
2023-04-04,22477.74,10924,1496,17468
2023-04-05,22477.74,10924,1496,17468
2023-04-06,22477.74,10924,1496,17468
2023-04-07,22477.74,10924,1496,17468
2023-04-08,22477.74,10924,1496,17468
2023-04-09,22477.74,10924,1496,17468
2023-04-10,22477.74,10924,1496,17468
2023-04-11,22477.74,10924,1496,17468
2023-04-12,22477.74,10924,1496,17468
2023-04-13,22477.74,10924,1496,17468
2023-04-14,22477.74,10924,1496,17468
2023-04-15,22477.74,10924,1496,17468
2023-04-16,22477.74,10924,1496,17468
2023-04-17,22477.74,10924,1496,17468
2023-04-18,22477.74,10924,1496,17468
2023-04-19,22477.74,10924,1496,17468
2023-04-20,22477.74,10924,1496,17468
2023-04-21,22477.74,10924,1496,17468
2023-04-22,22477.74,10924,1496,17468
2023-04-23,22477.74,10924,1496,17468
2023-04-24,22477.74,10924,1496,17468
2023-04-25,22477.74,10924,1496,17468
2023-04-26,22477.74,10924,1496,17468
2023-04-27,22477.74,10924,1496,17468
2023-04-28,22477.74,10924,1496,17468
2023-04-29,22477.74,10924,1496,17468
2023-04-30,22477.74,10924,1496,17468
2023-05-01,22477.74,10924,1496,17468
2023-05-02,22477.74,10924,1496,17468
2023-05-03,22477.74,10924,1496,17468
2023-05-04,22477.74,10924,1496,17468
2023-05-05,22477.74,10924,1496,17468
2023-05-06,22477.74,10924,1496,17468
2023-05-07,22477.74,10924,1496,17468
2023-05-08,22477.74,10924,1496,17468
2023-05-09,22477.74,10924,1496,17468
2023-05-10,22477.74,10924,1496,17468
2023-05-11,22477.74,10924,1496,17468
2023-05-12,22477.74,10924,1496,17468
2023-05-13,22477.74,10924,1496,17468
2023-05-14,22477.74,10924,1496,17468
2023-05-15,22477.74,10924,1496,17468
2023-05-16,22477.74,10924,1496,17468
2023-05-17,22477.74,10924,1496,17468
2023-05-18,22477.74,10924,1496,17468
2023-05-19,22477.74,10924,1496,17468
2023-05-20,22477.74,10924,1496,17468
2023-05-21,22477.74,10924,1496,17468
2023-05-22,22477.74,10924,1496,17468
2023-05-23,22477.74,10924,1496,17468
2023-05-24,22477.74,10924,1496,17468
2023-05-25,22477.74,10924,1496,17468
2023-05-26,22477.74,10924,1496,17468
2023-05-27,22477.74,10924,1496,17468
2023-05-28,22477.74,10924,1496,17468
2023-05-29,22477.74,10924,1496,17468
2023-05-30,22477.74,10924,1496,17468
2023-05-31,22477.74,10924,1496,17468
2023-06-01,22477.74,10924,1496,17468
2023-06-02,22477.74,10924,1496,17468
2023-06-03,22477.74,10924,1496,17468
2023-06-04,22477.74,10924,1496,17468
2023-06-05,22477.74,10924,1496,17468
2023-06-06,22477.74,10924,1496,17468
2023-06-07,22477.74,10924,1496,17468
2023-06-08,22477.74,10924,1496,17468
2023-06-09,22477.74,10924,1496,17468
2023-06-10,22477.74,10924,1496,17468
2023-06-11,22477.74,10924,1496,17468
2023-06-12,22477.74,10924,1496,17468
2023-06-13,22477.74,10924,1496,17468
2023-06-14,22477.74,10924,1496,17468
2023-06-15,22477.74,10924,1496,17468
2023-06-16,22477.74,10924,1496,17468
2023-06-17,22477.74,10924,1496,17468
2023-06-18,22477.74,10924,1496,17468
2023-06-19,22477.74,10924,1496,17468
2023-06-20,22477.74,10924,1496,17468
2023-06-21,22477.74,10924,1496,17468
2023-06-22,22477.74,10924,1496,17468
2023-06-23,22477.74,10924,1496,17468
2023-06-24,22477.74,10924,1496,17468
2023-06-25,22477.74,10924,1496,17468
2023-06-26,22477.74,10924,1496,17468
2023-06-27,22477.74,10924,1496,17468
2023-06-28,22477.74,10924,1496,17468
2023-06-29,22477.74,10924,1496,17468
2023-06-30,22477.74,10924,1496,17468
2023-07-01,22477.74,10924,1496,17468
2023-07-02,22477.74,10924,1496,17468
2023-07-03,22477.74,10924,1496,17468
2023-07-04,22477.74,10924,1496,17468
2023-07-05,22477.74,10924,1496,17468
2023-07-06,22477.74,10924,1496,17468
2023-07-07,22477.74,10924,1496,17468
2023-07-08,22477.74,10924,1496,17468
2023-07-09,22477.74,10924,1496,17468
2023-07-10,22477.74,10924,1496,17468
2023-07-11,22477.74,10924,1496,17468
2023-07-12,22477.74,10924,1496,17468
2023-07-13,22477.74,10924,1496,17468
2023-07-14,22477.74,10924,1496,17468
2023-07-15,22477.74,10924,1496,17468
2023-07-16,22477.74,10924,1496,17468
2023-07-17,22477.74,10924,1496,17468
2023-07-18,22477.74,10924,1496,17468
2023-07-19,22477.74,10924,1496,17468
2023-07-20,22477.74,10924,1496,17468
2023-07-21,22477.74,10924,1496,17468
2023-07-22,22477.74,10924,1496,17468
2023-07-23,22477.74,10924,1496,17468
2023-07-24,22477.74,10924,1496,17468
2023-07-25,22477.74,10924,1496,17468
2023-07-26,22477.74,10924,1496,17468
2023-07-27,22477.74,10924,1496,17468
2023-07-28,22477.74,10924,1496,17468
2023-07-29,22477.74,10924,1496,17468
2023-07-30,22477.74,10924,1496,17468
2023-07-31,22477.74,10924,1496,17468
2023-08-01,22477.74,10924,1496,17468
2023-08-02,22477.74,10924,1496,17468
2023-08-03,22477.74,10924,1496,17468
2023-08-04,22477.74,10924,1496,17468
2023-08-05,22477.74,10924,1496,17468
2023-08-06,22477.74,10924,1496,17468
2023-08-07,22477.74,10924,1496,17468
2023-08-08,22477.74,10924,1496,17468
2023-08-09,22477.74,10924,1496,17468
2023-08-10,22477.74,10924,1496,17468
2023-08-11,22477.74,10924,1496,17468
2023-08-12,22477.74,10924,1496,17468
2023-08-13,22477.74,10924,1496,17468
2023-08-14,22477.74,10924,1496,17468
2023-08-15,22477.74,10924,1496,17468
2023-08-16,22477.74,10924,1496,17468
2023-08-17,22477.74,10924,1496,17468
2023-08-18,22477.74,10924,1496,17468
2023-08-19,22477.74,10924,1496,17468
2023-08-20,22477.74,10924,1496,17468
2023-08-21,22477.74,10924,1496,17468
2023-08-22,22477.74,10924,1496,17468
2023-08-23,22477.74,10924,1496,17468
2023-08-24,22477.74,10924,1496,17468
2023-08-25,22477.74,10924,1496,17468
2023-08-26,22477.74,10924,1496,17468
2023-08-27,22477.74,10924,1496,17468
2023-08-28,22477.74,10924,1496,17468
2023-08-29,22477.74,10924,1496,17468
2023-08-30,22477.74,10924,1496,17468
2023-08-31,22477.74,10924,1496,17468
2023-09-01,22477.74,10924,1496,17468
2023-09-02,22477.74,10924,1496,17468
2023-09-03,22477.74,10924,1496,17468
2023-09-04,22477.74,10924,1496,17468
2023-09-05,22477.74,10924,1496,17468
2023-09-06,22477.74,10924,1496,17468
2023-09-07,22477.74,10924,1496,17468
2023-09-08,22477.74,10924,1496,17468
2023-09-09,22477.74,10924,1496,17468
2023-09-10,22477.74,10924,1496,17468
2023-09-11,22477.74,10924,1496,17468
2023-09-12,22477.74,10924,1496,17468
2023-09-13,22477.74,10924,1496,17468
2023-09-14,22477.74,10924,1496,17468
2023-09-15,22477.74,10924,1496,17468
2023-09-16,22477.74,10924,1496,17468
2023-09-17,22477.74,10924,1496,17468
2023-09-18,22477.74,10924,1496,17468
2023-09-19,22477.74,10924,1496,17468
2023-09-20,22477.74,10924,1496,17468
2023-09-21,22477.74,10924,1496,17468
2023-09-22,22477.74,10924,1496,17468
2023-09-23,22477.74,10924,1496,17468
2023-09-24,22477.74,10924,1496,17468
2023-09-25,22477.74,10924,1496,17468
2023-09-26,22477.74,10924,1496,17468
2023-09-27,22477.74,10924,1496,17468
2023-09-28,22477.74,10924,1496,17468
2023-09-29,22477.74,10924,1496,17468
2023-09-30,22477.74,10924,1496,17468
2023-10-01,22477.74,10924,1496,17468
2023-10-02,22477.74,10924,1496,17468
2023-10-03,22477.74,10924,1496,17468
2023-10-04,22477.74,10924,1496,17468
2023-10-05,22477.74,10924,1496,17468
2023-10-06,22477.74,10924,1496,17468
2023-10-07,22477.74,10924,1496,17468
2023-10-08,22477.74,10924,1496,17468
2023-10-09,22477.74,10924,1496,17468
2023-10-10,22477.74,10924,1496,17468
2023-10-11,22477.74,10924,1496,17468
2023-10-12,22477.74,10924,1496,17468
2023-10-13,22477.74,10924,1496,17468
2023-10-14,22477.74,10924,1496,17468
2023-10-15,22477.74,10924,1496,17468
2023-10-16,22477.74,10924,1496,17468
2023-10-17,22477.74,10924,1496,17468
2023-10-18,22477.74,10924,1496,17468
2023-10-19,22477.74,10924,1496,17468
2023-10-20,22477.74,10924,1496,17468
2023-10-21,22477.74,10924,1496,17468
2023-10-22,22477.74,10924,1496,17468
2023-10-23,22477.74,10924,1496,17468
2023-10-24,22477.74,10924,1496,17468
2023-10-25,22477.74,10924,1496,17468
2023-10-26,22477.74,10924,1496,17468
2023-10-27,22477.74,10924,1496,17468
2023-10-28,22477.74,10924,1496,17468
2023-10-29,22477.74,10924,1496,17468
2023-10-30,22477.74,10924,1496,17468
2023-10-31,22477.74,10924,1496,17468
2023-11-01,22477.74,10924,1496,17468
2023-11-02,22477.74,10924,1496,17468
2023-11-03,22477.74,10924,1496,17468
2023-11-04,22477.74,10924,1496,17468
2023-11-05,22477.74,10924,1496,17468
2023-11-06,22477.74,10924,1496,17468
2023-11-07,22477.74,10924,1496,17468
2023-11-08,22477.74,10924,1496,17468
2023-11-09,22477.74,10924,1496,17468
2023-11-10,22477.74,10924,1496,17468
2023-11-11,22477.74,10924,1496,17468
2023-11-12,22477.74,10924,1496,17468
2023-11-13,22477.74,10924,1496,17468
2023-11-14,22477.74,10924,1496,17468
2023-11-15,22477.74,10924,1496,17468
2023-11-16,22477.74,10924,1496,17468
2023-11-17,22477.74,10924,1496,17468
2023-11-18,22477.74,10924,1496,17468
2023-11-19,22477.74,10924,1496,17468
2023-11-20,22477.74,10924,1496,17468
2023-11-21,22477.74,10924,1496,17468
2023-11-22,22477.74,10924,1496,17468
2023-11-23,22477.74,10924,1496,17468
2023-11-24,22477.74,10924,1496,17468
2023-11-25,22477.74,10924,1496,17468
2023-11-26,22477.74,10924,1496,17468
2023-11-27,22477.74,10924,1496,17468
2023-11-28,22477.74,10924,1496,17468
2023-11-29,22477.74,10924,1496,17468
2023-11-30,22477.74,10924,1496,17468
2023-12-01,22477.74,10924,1496,17468
2023-12-02,22477.74,10924,1496,17468
2023-12-03,22477.74,10924,1496,17468
2023-12-04,22477.74,10924,1496,17468
2023-12-05,22477.74,10924,1496,17468
2023-12-06,22477.74,10924,1496,17468
2023-12-07,22477.74,10924,1496,17468
2023-12-08,22477.74,10924,1496,17468
2023-12-09,22477.74,10924,1496,17468
2023-12-10,22477.74,10924,1496,17468
2023-12-11,22477.74,10924,1496,17468
2023-12-12,22477.74,10924,1496,17468
2023-12-13,22477.74,10924,1496,17468
2023-12-14,22477.74,10924,1496,17468
2023-12-15,22477.74,10924,1496,17468
2023-12-16,22477.74,10924,1496,17468
2023-12-17,22477.74,10924,1496,17468
2023-12-18,22477.74,10924,1496,17468
2023-12-19,22477.74,10924,1496,17468
2023-12-20,22477.74,10924,1496,17468
2023-12-21,22477.74,10924,1496,17468
2023-12-22,22477.74,10924,1496,17468
2023-12-23,22477.74,10924,1496,17468
2023-12-24,22477.74,10924,1496,17468
2023-12-25,22477.74,10924,1496,17468
2023-12-26,22477.74,10924,1496,17468
2023-12-27,22477.74,10924,1496,17468
2023-12-28,22477.74,10924,1496,17468
2023-12-29,22477.74,10924,1496,17468
2023-12-30,22477.74,10924,1496,17468
2023-12-31,22477.74,10924,1496,17468
